id,name,producer,length
1,Ekzc Qzur,Rlsic Uglvf,250
2,Xggw Ccldkkdu,Nnvr Faacxet,28
3,Ndukdnmt Oyhdovh,Ebyob Ugrci,137
4,Oot Heyq,Xjxn Al,188
5,Nqzh Pf,Vv Dcpziflm,203
6,Tngcciu Gjzvxgh,Ftjeyc Ryzwfio,248
7,Qshuspuu Duwfv,Ltc Fwhnep,168
8,Fuzro Wttuk,Amlipsj Ysesosx,123
9,Umwjdux Hmll,Wmtsml Mhbg,18
10,Wbxduce Ivu,Rr Nww,232
11,Udcywx Tavmhsr,Jnhdfp Pgbrwmc,71
12,Ic Ddawodp,Ia Kxbwest,144
13,Qztzopl Ngz,Pookt Dn,82
14,Bdxu Tflcc,Qks Umhxvj,175
15,Lsumnj Xwlkb,Wws Sbfs,247
16,Cnkuru Ixzgbtw,Yerdqcs Vfh,168
17,Kexah Qek,Dsde Anjjp,215
18,Fqdw Ngfjnny,Tfbeqg Tpo,14
19,Eeke Gzklq,Zlv Yqnz,141
20,Menin Skctlv,Bhpqek Mrezruw,113
21,Vqab Npsem,Wcvtle Meggtfyc,151
22,Gzwrthu Ajzti,Quo Dnwpqu,208
23,Pcnrqv Uelr,Wsu Tmlrhyfd,135
24,Gwikz Bvrvl,Drrdpn Byui,18
25,Gitl Ugcsmawd,Xlkn Fee,58
26,Jlhpz Na,Pjnqpqj Xg,151
27,Nklsia Xrjrejvh,Afrtxryy Euphbe,132
28,Fml Vxmyx,Xzncktf Xdilsa,215
29,Ooasjqu Chdb,Sccc Jdvay,153
30,Pqrglv Snbyg,Rpe Jsfvken,223
31,Ozc Idgfjeq,Nsqrrpk Vtsbs,90
32,Sdft Oah,Zbqofnc Ex,139
33,Razuc Tie,Lylcbwy Plzl,55
34,Fzcb Hscdwk,Efs Myvi,56
35,Nkijgi Bhh,Tfeto Aijfmbb,52
36,Xdwoqse Bthi,Bevs Akdtfg,56
37,Wjcpwq Jhprd,Vrb Vgkjzg,97
38,Qge Fwu,Kztlofz Nb,135
39,Dxkvvzza Thbvo,Xdrxtml Wqqr,276
40,Slrml Ojhh,Lcg Eczrhaz,208
41,Yxt Ywasel,Iqea Ystfcyc,94
42,Cpl Yfiskz,Srh Nlsh,232
43,Zyu Ufwjcj,Twch Urnf,244
44,Dwkp Fpgv,Qyud Jg,55
45,Slopgth Mla,Pclt Wjh,160
46,Gh Vlbpdanq,Ldc Wy,81
47,Upqx Iveogr,Hdsf Rq,83
48,Farjy Dniyis,Nctbsnkq Sksurvkg,169
49,Ro Gxwe,Rfvbjod Do,293
50,Gi Slc,Ajedmucz Zxmwbw,245
51,Mkllofj Ithi,Rz Bhnulw,204
52,Xurttd Pahl,Dnyzgtn Ifbnknz,179
53,Dvipct Webmacmi,Wpsxtcr Mzmysvn,240
54,Enggezz Tqigq,Wdeuuh Moz,189
55,Rxkah Wdiltlv,Wm Rkszxf,66
56,Md Mrhrmtx,Atle Lr,283
57,Diahg Xjh,Lnm Wnbtofpr,156
58,Zdxfubr Bnrsixk,Aq Xzfz,57
59,Hj Fnjuqw,Unterg Tchgong,116
60,Dxnm Wgkp,Ycietqot Ybgbb,15
61,Ytu Zqmzbtfe,Dqw Ohl,24
62,Kycig Je,Atx Gue,266
63,Afxb Fuuvozdk,Hipnfav Ds,201
64,Dlkyimt Vla,Mxnok Wxixav,174
65,Tmyyvfw Cwu,Szfe Wdetq,174
66,Hqwpczy Jteismh,Tkugc Hks,286
67,Waawa Gscrb,Byhanzf Kqdcp,253
68,Gdhpkon Xschq,Dsznbjwr Mqlhgh,264
69,Csbyrwl Ugftxeb,Hhkwol Eylqca,209
70,Fnzh Uurqyi,Yokkzz On,261
71,Vtcm Ybtwj,Oqfbpafp Dhnmeu,151
72,Wom Wpn,Iglvi Cbdw,116
73,Gy Wgitg,Qny Uvwbayv,110
74,Mkxni Vipu,Pwvl Etpwelq,259
75,Zooi Dpurukq,Zulxlj Jzz,49
76,Xuyujh Xxvso,Bxzyot Cdj,213
77,Fmhcqvh Ydukhg,Yy Ac,274
78,Yyni Ldqpgns,Cplx Moz,225
79,Bjlhp An,Xulq Gmwjvl,159
80,Jyelisc Vu,Sxd Mxheord,241
81,Kbk Fcy,Qcxwzj Xas,84
82,Nxz Wqwcgv,Zwnx Cyf,16
83,Sspicci Owy,Vjeeov Scvaorqv,77
84,Ltxtbv Ppubqqh,Btngl Zbgrooh,191
85,Ugja Osgth,Emnil Fnsjn,100
86,Ixlysy Wvktgcl,Sihg Znn,274
87,Zidpxyb Tixr,Xkj Jpxhj,284
88,Cwxj Kbcccft,Iamfeqqe Em,128
89,Pqadnua Qde,Kluwi Tgyx,272
90,Vgvyqj Mwbmej,Sjx Vtzkw,96
91,Hb Hnueoar,Cvwtr Qwytlbb,265
92,Oi Soomivc,Vecr Kjuxdg,234
93,Otht Rsapk,Yvx Ldabp,280
94,Tiupwv Ngtfyevd,Zut Vsci,183
95,Jmqc Zoccabxr,Crskler Asipi,93
96,Ggz Ldfz,Sqgb Aslnemj,264
97,Dbgxm Ome,Hqpjudgh Rpmorp,133
98,Lsp Gkagnry,Enzlna Zrvreiui,287
99,Edn Ksq,Lxqbwpf Gfvgc,111
100,Vqaqe Qbozm,Xge Fcgwfnz,40
