id,firstname,lastname,age,email
1,Nwug Farhaqek,Fjix Awafn,46,pjz@itv.com
2,Nhjnwxo Lblzqui,Rjbyz Mmlfbm,21,udxmhqy@nzut.com
3,Biqkacho Qaj,Zjrhh Vtewzoq,55,i@ph.com
4,Dkghok Xymv,Zzcmk Qrw,63,atacla@joyslx.com
5,Ufshpube Aphe,Blnua Phvrnrl,52,uijkw@jcxe.com
6,Uv Drbqhp,Vvaufcx Akpu,56,zjgm@nxq.com
7,Xm Oqkog,Kfxnotb Bkoxw,22,ixr@kpt.com
8,Egtqbwon Rtozm,Vpwta Za,51,l@qcy.com
9,Se Sge,Zibds Cfqeqqa,27,duznch@rbjimft.com
10,Boezorw Scsgdy,Lypze Hnqw,30,qztq@tntkt.com
11,Xish Fhfidce,Dpz Sq,32,fsgohaf@bu.com
12,Jyehpx Vjhum,Jtrkm Zxiuccx,38,xcax@f.com
13,Yjsztn Utaxv,Tdqozduc Zmjifki,18,henau@wamsruv.com
14,Ypnvhdq Chrfohm,Of Zmajzzx,54,fs@xv.com
15,Mwgegip Myz,Vnk Vjo,42,rpti@lzk.com
16,Axoub Lrms,Iywzb Cxfek,17,pwmwh@tlmtgql.com
17,Upw Ifm,Ngrczhod Vawjse,62,lncam@yfs.com
18,Vzdaxc Vvo,Waaoppi Hdopiz,25,jawqw@ri.com
19,Ykj Gfzu,Fao Suggy,56,xvb@kr.com
20,Ildgje Zdu,Mxlfufgy Dpgtani,21,vdrmi@prl.com
21,Gqcpe Uyt,Kc Ewp,34,cqvpyr@kxjo.com
22,Hmdqj Phoo,Pl Ivuhk,26,dgk@stq.com
23,Rppjh Bjidmn,Wuworj Fqko,63,xla@lkpial.com
24,Tnrg Atw,Ox Prsso,33,pchdac@i.com
25,Gwefknpo Xzeotcd,Uqkd Uaiot,25,j@ofq.com
26,Zuzjjky Tctvpi,Iwjti Vrqrqev,70,hcjpgw@yvz.com
27,Bjcts Gkch,Vigeiz Byrhzfm,63,pgon@qwi.com
28,Fwoueg Fsjp,Nehzx Gbmbl,45,zdda@z.com
29,Wwfcdk Emkv,Bznglqpm Hlz,55,zxde@fp.com
30,Osrxindg Wdou,Ymofg Ehgnyqjh,15,yqxdjd@veo.com
31,Nvws Sf,Rnqpxsm Phn,40,oche@ganhr.com
32,Xricm Hby,Wbzkic Uzcaff,25,reigyy@ydmvbw.com
33,Wmxxtrcs Nlfg,Duakm Grtx,54,z@oj.com
34,Zmurno Geqzzw,Qshstl Qgkory,47,xrthq@gf.com
35,Zazwerx Uciy,Zkzwxc Srsgor,18,rqqq@amg.com
36,Bvan Gcy,Smskn Dtmjb,20,ktog@yqaxkw.com
37,Laggjbs Smq,Xo Ozloin,33,rplxdk@cnoaql.com
38,Umzjyyni Max,Idwjwfft Wfd,19,pot@jwaqlct.com
39,Hhlt Eshf,Zz Xbsiff,21,fihvqj@wvhax.com
40,Dizy Rf,Swlh Txjybdu,9,nidria@taw.com
41,Gby Ecfblp,Kwvm Xupa,13,tpgta@tmwhxi.com
42,Chbbly Ucm,Dscaw Mchm,60,srp@aqwulv.com
43,Vrxtg Pbp,Ndzixp Lynfpsm,11,ew@nzlf.com
44,Vuw Ijnfsrz,Ibjiuvl Oubkvvp,63,ablow@mbwf.com
45,Pxk Ygxo,Pryggbf Tgqeofa,37,tceggmk@ydt.com
46,Qdkr Rygmvn,Marjpmm Vzmxolct,68,xxknex@ci.com
47,Xkowlxv Tm,Exprngx Dtt,63,gjww@zwhmx.com
48,Hvafdg Cfsreydr,Eutq Wax,24,uzf@moufym.com
49,Lecpoqgt Mkwptmu,Qokdtr Mpr,51,yi@ic.com
50,Jlao Zzpkorgl,Rplfw Xhh,43,dnr@muk.com
51,Nzyirck Wkum,Hu Eipi,27,msu@k.com
52,Btt Aqdyxwm,Tcyymkw Cenhdzk,30,yzhzr@th.com
53,Rok Ugitxti,Oydnror Umrtgm,26,zkme@tgzba.com
54,Drcwa Fuabf,Kuvt Plorpows,54,dw@gp.com
55,Wnopg Najbar,Qkmz Rykrkbn,46,tnn@if.com
56,Xn Aylb,Rhwha Bced,63,jv@hnllfub.com
57,Dcbekv Zo,Mvy Ibkeeg,67,blmwcgv@mflwya.com
58,Db Kqs,Vmxpsi Uiehj,37,ark@idl.com
59,Tcmalpa Pwa,Qaicaivd Iu,62,khrs@l.com
60,Zoiatd Zcvwch,Yqwf Arvo,63,nykpbuw@fhiy.com
61,Fnqrj Dseymdhm,Babwmpa Chyfmv,46,i@xu.com
62,Ftv Jfyxxlw,Lzan Myzxpek,65,ju@qw.com
63,Zdbmsd Yxgcb,Xrp Sflifhfs,13,rewny@gs.com
64,Iqctyz Abvg,Abrfgeu Paghtkt,49,fb@ixuq.com
65,Nibokke Uaka,Vafvx Ldpfbn,7,ddpdc@k.com
66,Hmz Qffnute,Ojtsu Aqtibp,22,uuw@on.com
67,Ncfhrex Xgej,Gnnboj Fdq,38,pfdeuni@bqukui.com
68,Qh Bpq,Egnrh Nswbqb,25,n@rrrt.com
69,Xppclr Lontkxp,Ulvzhx Lqx,42,okiqqrn@grqo.com
70,Qfzdwqq Msaxjt,Gpjavud Ebdwv,42,ip@cxgq.com
71,Xqh Ixhpdrwk,Scsy Qtruzlx,22,n@ovsf.com
72,Ymy Eczyd,Sngb Cewocpe,15,pnouwp@krdfmhv.com
73,Fdzrqlsd Xbhgwb,Aacxghrl Sjpqwesq,38,beywi@r.com
74,Vkfv Ycdvmz,Nkrmn Cpf,19,lzlg@a.com
75,Vcpkd Ioejn,Cjaelpoa Diqmatz,12,hm@sabni.com
76,Gpovnb Btikj,Uclu Honwy,26,kufz@nxe.com
77,Coybhya Kccyt,Hjjkgtp Ntd,14,gakd@fwe.com
78,Eipnzz Kabrtse,Kloybh Iwke,24,y@ebc.com
79,Lifbvya Mojidj,Ixusf Ubfl,42,qmvbwc@ymflrw.com
80,Ctslyq Ccz,Xklrp Qlyy,9,epabec@ecd.com
81,Brlvxmt Akcj,Gofaw Cuu,8,nilxh@rkunx.com
82,Jrjhmy Jhnk,Rmiehqf Hqg,54,opt@h.com
83,Cgwjq Ysvqivn,Wccizfm Pzszi,28,sjzqf@zjdnz.com
84,Cybrb Lsntvb,Oahmtthu Ooozih,60,ay@vkjt.com
85,Duqke Qwcbn,Psc Aieilnt,45,eeyn@jwr.com
86,Jequr Wpezihb,Ndek Wvkyr,32,pnbnru@rhbk.com
87,Mup Yzmjbfg,Hqejhk Lzgcz,52,gtyhoeq@stbd.com
88,Kosm Pkm,Yrwna Rflbtcy,41,cr@wq.com
89,Lthvxmg Oto,Iys Gkjvma,32,i@fycpn.com
90,Ix Ibmsbces,Dglki Slubq,67,qkwokl@ra.com
91,Vuht Dy,Pf Bek,7,p@nvxzev.com
92,Hzuuqr Rbjjl,Qf Exjhg,46,ljifhx@wlyv.com
93,Wtfcz Ljphqygn,Ddplpr Nrvnf,24,xzd@ub.com
94,Rltvfczw Iywdyind,Klzjzp Uzerdlxd,54,capqxr@wt.com
95,Qwwgejah Jcuumm,Yx Gfdr,28,zvajw@gyg.com
96,Wen Oyj,Cbfg Ievkpn,52,bs@slk.com
97,Xpqj Xpma,Ztdsvdky Te,43,qs@bcuv.com
98,Vuxfma Bwkg,Qscptz Uqsifuks,19,akkvn@lpgs.com
99,Rygjii Iapyrg,Kzybzzx Lbitmt,34,whoi@lmbx.com
100,Qizpf Knxqf,Uaveqf Ij,58,qfju@xlpsv.com
